Checkliste Regler-Programmierung;;;;;;;;;;;;;;;;;;;;
Controller:;Controller:;;;;;;;;;;;;;;;;;;;
SC 6000 WPC;V6.2;;Standard-Werte;R407c;R134a;Scroll;Hub;Heizen;Heiz-Kühl;HWBW-K;Ladepumpe;HBJV;HCS/HWS;HCW/HWW;Mischer;Absorber -14Gr;Absorber -18Gr;Mono;Mono heiz-kühl;
Einstellebene 3, Raumtemperaturregelung;;;;;;;;;;;;;;;;;;;;
03-00 Raumschutztemperatur;3-0;;10;;;;;;;;;;;;;;;;;
03-01 Fusspunkttemperatur;3-1;;22;;;;;;;;;;;;;;;;;
03-02 Heizgrenze Absenkbetrieb;3-2;;17;;;;;;;;;;;;;;;;;
03-06 Startoptimierung Vorhaltezeit;3-6;;0;;;;;;;;;;;;;;;;;
03-07 Raumtemperatur - Kompensation;3-7;;0;;;;;;;;;;;;;;;;;
03-08 Vorlauf Sollwert Heizgrenze;3-8;;-10;;;;;;;;;;;;;;;;;
03-11 Fusspunkt Vorlaufkennlinie TA;;;20;;;;;;;;;;;;;;;;;
03-20 Zeitkonst. für Aussentemp.rmittelung;4-1;;10;;;;;10;15;;;;;;;;;;;
03-23 Frostgrenze;7-6;;2;;;;;;;;;;;;;;;;;
03-30 Nachstellzeit Raumregler;;;0;;;;;;;;;;;;;;;;;
03-35 Kühlgrenzenabstand;3-5;;5;;;;;;;;;;;;;;;;;
03-43 Kühltemperatur;3-4;;22;;;;;;;;;;;;;;;;;
05-14 Legionellenschutzfunktion;3-9;;0;;;;;;;;;;;;;;;;;
09-08 Wärmeerzeuger Sperre;3-3;;0;;;;;;;;;;;;;;;;;
09-20 Solltemperatur Handbetrieb;;;48;;;;;;;;;;;;;;;;;
Einstellebene 4, Globale Einstellungen;;;;;;;;;;;;;;;;;;;;
04-00 Fühlerkonfiguration speichern;4-0;;0;;;;;;;;;;;;;;;;;
04-02 Funktion Sollwerteingang;4-2;;0;;;;;;;;;;;;;;;;;
04-08 Handbetrieb Konfiguration;4-8;;2;;;;;;;;;;;;;;;;;
04-20 Anlage-Hauptregler / Folgeregler;4-4;;2;;;;;;;;;;;;;;;;;
04-30 Multifunktionsausgang 1;;;0;;;;;;;;;;;;1*;;;;;
04-31 Multifunktionsausgang 2;;;0;;;;;;;;;;;;1*;;;;;
04-36 eBUS Speisung Abschaltung;;;;;;;;;;;;;;;;;;;;
04-40 Service Passwort;;;;;;;;;;;;;;;;;;;;
04-45 Kommandobefehle;;;;;;;;;;;;;;;;;;;;
04-60 Mode Austrocknungsprogramm;;;;;;;;;;;;;;;;;;;;
04-61 Vorlaufsollwert-Steigung in der Aufheizphase;;;;;;;;;;;;;;;;;;;;
04-62 Vorlaufsollwert-Abfall in der Abkühlphase;;;;;;;;;;;;;;;;;;;;
04-63 Vorlaufsollwert in der Beharrungsphase;;;;;;;;;;;;;;;;;;;;
04-64 Dauer der Beharrungsphase;;;;;;;;;;;;;;;;;;;;
Ebene 5;;;;;;;;;;;;;;;;;;;;
05-00 Schaltdifferenz Brauchwasserbereitung;;;;;;;;;;;;;;;;;;;;
05-01 Temperaturüberhoehung Brauchwasserbereitung;;;;;;;;;;;;;;;;;;;;
05-02 Brauchwasser-Vorrang;;;;;;;;;;;;;;;;;;;;
05-03 Nachlaufzeit Brauchwasserbereitung;;;;;;;;;;;;;;;;;;;;
05-04 Legionellenschutztemperatur;;;;;;;;;;;;;;;;;;;;
05-05 Funktionsweise Ladepumpennachlauf;;;;;;;;;;;;;;;;;;;;
05-06 Zirkulationspumpe aktiv;;;;;;;;;;;;;;;;;;;;
05-07 Stellglied Brauchwasserbereitung;;;;;;;;;;;;;;;;;;;;
05-13 Reduktion Sollwert TBO;;;;;;;;;;;;;;;;;;;;
05-14 Legionellenschutzfunktion;;;;;;;;;;;;;;;;;;;;
05-40 Min. Fehlerdauer fuer Brauchwasser Störmeldung;;;;;;;;;;;;;;;;;;;;
05-51 Sollwert Warmwassertemperatur;;;;;;;;;;;;;;;;;;;;
05-60 Partydauer WWB;;;;;;;;;;;;;;;;;;;;
Ebene 6;;;;;;;;;;;;;;;;;;;;
06-00 Brauchwasser Ladeleistung;6-0;;100;;;;;;;;;;;;;;;;;
06-01 Puffer, Heiz- Ladeleistung;6-1;;100;;;;;;;;;;;;;;;;;
06-02 Kühlleistung;;;100;;;;;;;;;;;;;;;;;
06-04 WEZ Überhöhung;6-2;;15;;;;;;;;;;;;;;;;;
06-05 Puffer Offset TPM aus;6-3;;0;;;;;;;;;;;;;;;;;
06-08 TBVsoll Überhöhung;6-5;;10;;;;;;;;;;;;;;;;;
06-10 Xp WEZ Manager;6-6;;5;;;;;;;;;;;;;;;;;
06-11 Tn WEZ Manager;6-7;;20;;;;;;;;;;;;;;;;;
06-12 Tv WEZ Manager;6-8;;0;;;;;;;;;;;;;;;;;
06-13 Reduktion Sollwert TKX;8-1;;5;;;;;;;;;;;;;;;;;
06-20 Sequenzwechsel Flag;;;0;;;;;;;;;;;;;;;;;
Einstellebene 7 Heizkreisregelung;;;;;;;;;;;;;;;;;;;;
07-00 Proportional-Bereich Mischer;7-4;;15;;;;;;;;;;;;;;;;;
07-01 Überhöhung WE-Temperatur;7-1;;0;;;;;;;;;;;;;;;;;
07-02 Minimale Vorlauftemperatur;7-2;;0;;;;;;;;;;;;;;;;;
07-03 Pumpennachlauf Heizkreis;7-3;;15;;;;;;;;;;;;;;;;;
07-05 Heizkreistyp;7-0;;2;;;;;;;;;;;;0;;;;0;0
07-06 Min. Fehlerdauer fuer Vorlauf-Störmeldung;7-7;;4;;;;;;;;;;;;;;;;;
07-14 Heizkreisfunktion im Kühlbetrieb;7-9;;0;;;;;0;3;;;;;;;;;;0 3**;
07-31 Heizkreisüberhöhung Niedertarif;7-8;;0;;;;;;;;;;;;;;;;;
Anmerkungen;;;;* in Verbindung mit einer HWBW-K;;;;;;;;;;;;;;;;
;;;;** bei Mono heizen-kühlen müssen der grüne und rote Kreis auf 3 stehen;;;;;;;;;;;;;;;;
;;;;;;;;;;;;;;;;;;;;
Controller:;Controller:;;;;;;;;;;;;;;;;;;;
SC 6000 WPC;V6.2;;Standard-Werte;R407c;R134a;Scroll;Hub;Heizen;Heiz-Kühl;HWBW-K;Ladepumpe;HBJV;HCS/HWS;HCW/HWW;Mischer;Absorber -14Gr;Absorber -18Gr;Mono;Mono heiz-kühl;
Einstellebene 9, WE Einstellungen Wärmepumpe;;;;;;;;;;;;;;;;;;;;
04-27 eBUS Adresse WEZ;9-1;P1;11;;;;;;;;;;;;;;;;;
09-00 Nachlaufzeit Schutzfunktion;9-4;P1;1;;;;;;;;;;;;;;;;;
09-04 Vorlaufzeit Quellenpumpe;9-2;P1;0,5;;;;;;;;;;;;;;;;;
09-07 WEZ Typ;9-0;P1;5;;;;;5;6;;;;;;;;;;;
09-11 Bedingte WEZ Freigabe;11-0;P1;0;;;;;;;;;;;;;;;5;6;
09-12 Aussentemperatursperre TAW;11-1;P1;-50;;;;;;;;;;;;;;;;;
09-13 Energiezweig Funktion;11-2;P1;2;;;;;;;;;;;;;;;;;
09-14 Diff. Leistungszwang Tkmax;11-3;P1;0;;;;;;;;;;;;;;;;;
09-21 WE Abschaltdifferenz;10-1;P1;5;;;;;;;;;;;;;;;;;
09-23 Minimale Stillstandszeit;9-5;P1;15;15;15;15;15;15;15;15;15;15;15;15;15;15;15;15;15;15
09-26 Vorhaltezeit 2. Stufe;9-7;P1;10;;;;;;;;;;;;;;;10;10;
09-31 Minimale WE Laufzeit;9-3;P1;9;9;9;9;9;9;9;9;9;9;9;9;9;9;9;9;9;
09-32 TWVmin Kühlbetrieb;10-3;P1;14;14;14;14;14;14;14;14;14;14;14;14;14;14;14;14;14;14
09-34 Einschaltverzögerung 2. Stufe;9-8;P1;0;;;;;;;;;;;;;;;9;;
09-35 Schaltdifferenz 2. Stufe;9-6;P1;0;;;;;;;;;;;;;;;3;3;
10-31 WE Maximaltemperatur;10-0;P1;60;60;60;70;;;;;;;;;;;;70;70;
15-10 Heissgas Maximaltemperatur;11-5;P1;125;;;130;125;;;;;;;;;;;;;
15-11 TWVmax Abschalthysterese;;;7;;;;;;;;;;;;;;;;;
15-12 Kondensator Austritt Störung;;;-5;;;;;;-5;;;;;;;;;;;
15-13 Kondensator Austritt Abschaltoffset;;;2;;;;;;2;;;;;;;;;;;
15-21 Nachlaufzeit Quellenpumpe;10-2;P1;0,5;;;;;;;;;;;;;;;;;
15-22 Wärmequelle Frostschutztemperatur;11-6;P1;-12;;;;;;;;;;-12;2;;-25;-25;;;
nNnN;11-7;P1;40;;;;;;;;;;;;;;;;;
15-25 Abschaltoffset Frostschutz;11-9;P1;2;;;;;;;;;;2;2;;9;5;;;
15-26 TWE-Temp rpunkt TWVmax Reduktion;;;-20;;;;;;;;;;;;;-1;-1;;;
15-27 TWVmax bei TWE Grenztenperatur;;;60;;;;;;;;;;;;;40;40;;;
15-28 TWE Grenztenperatur;;;-30;;;;;;;;;;;;;-14;-18;;;
15-40 Abtautyp;;;0;;;;;;;;;;;;;;;;;
15-41 Abtaudifferenz (TWE - TVD);;;10;;;;;;;;;;;;;;;;;
15-42 Freigabe Abtauung (TVD);;;-6;;;;;;;;;;;;;;;;;
15-43 Abtauendetemperatur (TVD);;;5;;;;;;;;;;;;;;;;;
15-44 Abtaudauer;;;20;;;;;;;;;;;;;;;;;
