tem_id;context;name;baseline;latest_value;unit;status;source;selector;time;log_line;ste_index
03-00;Heizkreis 1 (abgeleitet);Raumschutztemperatur;10;10;°C;gleich;FB 90;3103;2026-09-23 11:13:55.262;9575;32
03-00;Heizkreis 2 (abgeleitet);Raumschutztemperatur;10;10;°C;gleich;FB 91;310d;2026-09-23 11:12:01.103;9371;33
03-01;Heizkreis 1 (abgeleitet);Fusspunkttemperatur;20;22;°C;abweichend;FB 90;3002;2026-09-23 11:24:10.269;10262;34
03-01;Heizkreis 2 (abgeleitet);Fusspunkttemperatur;20;22;°C;abweichend;FB 91;300c;2026-09-23 11:25:43.817;10332;35
03-02;Heizkreis 1 (abgeleitet);Heizgrenze Absenkbetrieb;17;17;°C;gleich;FB 90;3003;2026-09-23 11:13:55.984;9577;36
03-02;Heizkreis 2 (abgeleitet);Heizgrenze Absenkbetrieb;17;17;°C;gleich;FB 91;300d;2026-09-23 11:12:01.811;9373;37
03-10;Heizkreis 1 (abgeleitet);Steilheit Kennlinie;0,3;0,4;;abweichend;FB 90;3002;2026-09-23 11:24:10.269;10262;15
03-10;Heizkreis 2 (abgeleitet);Steilheit Kennlinie;0,3;0,4;;abweichend;FB 91;300c;2026-09-23 11:25:43.817;10332;16
03-11;Heizkreis 1 (abgeleitet);Fusspunkt Vorlaufkennlinie: TA;20;20;°C;gleich;Master;a300;2026-09-23 11:17:34.673;9843;44
03-20;Einstellebene 3, Raumtemperaturregelung;Zeitkonstante für Aussentemperaturmittelung;10;10;h;gleich;Master;a301;2026-09-23 11:17:35.081;9845;46
03-21;Heizkreis 1 (abgeleitet);Heizgrenze bei Tagbetrieb;16;25;°C;abweichend;Master;0b06;2026-09-23 11:24:06.693;10254;19
03-21;Heizkreis 2 (abgeleitet);Heizgrenze bei Tagbetrieb;16;20;°C;abweichend;Master;0b861000;2026-09-23 11:24:22.952;10283;20
03-23;Heizkreis 1 (abgeleitet);Frostgrenze;2;2;°C;gleich;Master;a302;2026-09-23 09:18:43.789;2532;47
03-30;Heizkreis 1 (abgeleitet);Nachstellzeit Raumregler;0;0;min;gleich;Master;a303;2026-09-23 09:18:55.915;2541;49
03-35;Heizkreis 1 (abgeleitet);Kühlgrenzenabstand;10;5;K;abweichend;FB 90;3101;2026-09-23 11:25:29.379;10320;51
03-35;Heizkreis 2 (abgeleitet);Kühlgrenzenabstand;5;5;K;gleich;FB 91;310b;2026-09-23 11:44:19.495;10729;52
03-43;Heizkreis 1 (abgeleitet);Kühltemperatur;22;22;°C;gleich;FB 90;3101;2026-09-23 11:25:29.379;10320;53
03-43;Heizkreis 2 (abgeleitet);Kühltemperatur;22;22;°C;gleich;FB 91;310b;2026-09-23 11:44:19.495;10729;54
03-50;Heizkreis 1 (abgeleitet);Betriebswahl Heizung und Brauchwasser;1;4;;abweichend;Master;0100;2026-09-23 11:23:36.896;10175;1
03-50;Heizkreis 2 (abgeleitet);Betriebswahl Heizung und Brauchwasser;1;4;;abweichend;Master;01801000;2026-09-23 11:19:11.355;9958;2
03-51;Heizkreis 1 (abgeleitet);Sollwert Raumtemperatur Heizen Tag normal;20,5;22;°C;abweichend;FB 90;3001;2026-09-23 11:25:30.020;10321;9
03-51;Heizkreis 2 (abgeleitet);Sollwert Raumtemperatur Heizen Tag normal;20,5;22;°C;abweichend;FB 91;300b;2026-09-23 11:44:20.150;10730;10
03-53;Heizkreis 1 (abgeleitet);Sollwert Raumteperatur Heizen Nacht;18;18;°C;gleich;FB 90;3001;2026-09-23 11:25:30.020;10321;11
03-53;Heizkreis 2 (abgeleitet);Sollwert Raumteperatur Heizen Nacht;18;10;°C;abweichend;FB 91;300b;2026-09-23 11:44:20.150;10730;12
03-58;Heizkreis 1 (abgeleitet);Behaglichkeit;0;0;K;gleich;FB 90;3101;2026-09-23 11:25:29.379;10320;5
03-58;Heizkreis 2 (abgeleitet);Behaglichkeit;-1;0;K;abweichend;FB 91;310b;2026-09-23 11:44:19.495;10729;6
04-00;Einstellebene 4, Globale Einstellungen;Fühlerkonfiguration speichern;0;0;;gleich;Master;a400;2026-09-23 09:20:27.712;2587;59
04-02;Einstellebene 4, Globale Einstellungen;Funktion Sollwerteingang;0;0;;gleich;Master;a401;2026-09-23 09:19:18.789;2556;60
04-08;Einstellebene 4, Globale Einstellungen;Handbetrieb Konfiguration;2;2;;gleich;Master;a402;2026-09-23 09:19:45.321;2565;61
04-20;Einstellebene 4, Globale Einstellungen;Anlage-Hauptregler / Folgeregler;2;2;;gleich;Master;a403;2026-09-23 09:19:50.431;2567;62
04-22;Einstellebene 11, WE 1 Kaskadenfunktionen;WE 1 Zieladresse;11;11;;gleich;Master;ab02;2026-09-23 10:45:49.869;7880;170
04-27;Einstellebene 9, WE Einstellungen Wärmepumpe;eBUS Adresse WEZ;11;11;;gleich;Master;a900;2026-09-23 10:38:56.949;7567;115
04-27;Einstellebene 10, WE Einstellungen Elektro Zusatzheizung;eBUS Adresse WEZ;12;12;;gleich;Master;aa00;2026-09-23 10:45:03.076;7837;155
04-30;Einstellebene 4, Globale Einstellungen;Multifunktionsusgang 1;1;0;;abweichend;Master;a404;2026-09-23 09:19:56.508;2570;63
04-31;Einstellebene 4, Globale Einstellungen;Multifunktionsusgang 2;0;0;;gleich;Master;a405;2026-09-23 09:20:03.775;2574;64
04-36;Einstellebene 4, Globale Einstellungen;eBUS Speisung Abschaltung;1;1;;gleich;Master;a406;2026-09-23 09:20:08.150;2576;65
04-40;Einstellebene 4, Globale Einstellungen;Service Passwort;161;0;Passwortanzeige;"Passwortanzeige; nicht als geaendertes Passwort bewiesen";Master;a407;2026-09-23 09:20:18.805;2581;66
05-00;Einstellebene 5, Brauchwasserbereitung;Schaltdifferenz Brauchwasserbereitung;5;5;K;gleich;Master;a500;2026-09-23 10:59:08.782;8596;72
05-01;Einstellebene 5, Brauchwasserbereitung;Temperaturüberhoehung Brauchwasserbereitung;6;6;K;gleich;Master;a501;2026-09-23 10:56:25.530;8528;73
05-02;Einstellebene 5, Brauchwasserbereitung;Brauchwasser-Vorrang;0,1;0,1;h;gleich;Master;a502;2026-09-23 10:56:29.046;8529;74
05-03;Einstellebene 5, Brauchwasserbereitung;Nachlaufzeit Brauchwasserbereitung;3;1;min;abweichend;Master;a503;2026-09-23 10:56:32.140;8531;75
05-04;Einstellebene 5, Brauchwasserbereitung;Legionellenschutztemperatur;60;60;°C;gleich;Master;a504;2026-09-23 10:56:35.921;8534;76
05-05;Einstellebene 5, Brauchwasserbereitung;Funktionsweise Ladepumpennachlauf;0;0;;gleich;Master;a505;2026-09-23 10:56:46.078;8538;77
05-06;Einstellebene 5, Brauchwasserbereitung;Zirkulationspumpe aktiv;1;1;;gleich;Master;a506;2026-09-23 10:56:50.109;8540;78
05-07;Einstellebene 5, Brauchwasserbereitung;Stellglied Brauchwasserbereitung;1;1;;gleich;Master;a507;2026-09-23 10:56:53.641;8541;79
05-13;Einstellebene 5, Brauchwasserbereitung;Reduktion Sollwert TBO;15;0;K;abweichend;Master;a508;2026-09-23 10:56:57.531;8544;80
05-40;Einstellebene 5, Brauchwasserbereitung;Min. Fehlerdauer fuer Brauchwasser Störmeldung;0;0;h;gleich;Master;a509;2026-09-23 10:58:56.970;8590;81
05-51;Heizkreis 1 (abgeleitet);Sollwert Warmwassertemperatur;50;50;°C;gleich;FB 90;3001;2026-09-23 11:25:30.020;10321;13
05-51;Heizkreis 2 (abgeleitet);Sollwert Warmwassertemperatur;10;48;°C;abweichend;FB 91;300b;2026-09-23 11:44:20.150;10730;14
06-00;Einstellebene 6, WM-Einstellungen;Brauchwasser Ladeleistung;100;100;kW;gleich;Master;a600;2026-09-23 09:26:56.450;2771;83
06-01;Einstellebene 6, WM-Einstellungen;Puffer, Heiz-  Ladeleistung;100;100;kW;gleich;Master;a601;2026-09-23 09:26:48.565;2759;84
06-02;Einstellebene 6, WM-Einstellungen;Kühlleistung;100;100;kW;gleich;Master;a602;2026-09-23 09:26:52.059;2760;85
06-04;Einstellebene 6, WM-Einstellungen;WEZ Überhöhung;10;10;K;gleich;Master;a603;2026-09-23 09:26:52.450;2761;86
06-05;Einstellebene 6, WM-Einstellungen;Puffer Offset TPM aus;0;0;K;gleich;Master;a604;2026-09-23 09:26:52.840;2762;87
06-08;Einstellebene 6, WM-Einstellungen;TBVsoll Überhöhung;10;10;K;gleich;Master;a605;2026-09-23 09:26:53.371;2763;88
06-10;Einstellebene 6, WM-Einstellungen;Xp WEZ Manager;3;3;K;gleich;Master;a606;2026-09-23 09:26:53.794;2765;89
06-11;Einstellebene 6, WM-Einstellungen;Tn WEZ Manager;20;20;min;gleich;Master;a607;2026-09-23 09:26:54.184;2766;90
06-12;Einstellebene 6, WM-Einstellungen;Tv WEZ Manager;0;0;min;gleich;Master;a608;2026-09-23 09:26:54.809;2768;91
06-13;Einstellebene 6, WM-Einstellungen;Reduktion Sollwert TKX;5;5;K;gleich;Master;a609;2026-09-23 09:26:55.388;2769;92
06-20;Einstellebene 6, WM-Einstellungen;Sequenzwechsel Flag;0;0;;gleich;Master;a60a;2026-09-23 09:26:55.966;2770;93
07-00;Heizkreis 1 (abgeleitet);Proportional-Bereich Mischer;15;15;K;gleich;Master;a700;2026-09-23 11:01:25.158;8737;94
07-00;Heizkreis 2 (abgeleitet);Proportional-Bereich Mischer;15;15;K;gleich;Master;a7801000;2026-09-23 11:17:41.807;9851;95
07-01;Heizkreis 1 (abgeleitet);Überhöhung WE-Temperatur;0;0;K;gleich;Master;a701;2026-09-23 11:00:39.736;8700;96
07-01;Heizkreis 2 (abgeleitet);Überhöhung WE-Temperatur;3;3;K;gleich;Master;a7811000;2026-09-23 11:17:42.214;9852;97
07-02;Heizkreis 1 (abgeleitet);Minimale Vorlauftemperatur;0;0;°C;gleich;Master;a702;2026-09-23 11:00:42.329;8701;98
07-02;Heizkreis 2 (abgeleitet);Minimale Vorlauftemperatur;0;0;°C;gleich;Master;a7821000;2026-09-23 11:17:42.932;9854;99
07-03;Heizkreis 1 (abgeleitet);Pumpennachlauf Heizkreis;15;15;min;gleich;Master;a703;2026-09-23 11:18:23.915;9879;100
07-03;Heizkreis 2 (abgeleitet);Pumpennachlauf Heizkreis;15;15;min;gleich;Master;a7831000;2026-09-23 11:18:30.230;9883;101
07-05;Heizkreis 1 (abgeleitet);Heizkreistyp;2;0;;abweichend;Master;a704;2026-09-23 11:18:23.314;9876;102
07-05;Heizkreis 2 (abgeleitet);Heizkreistyp;0;3;;abweichend;Master;a7841000;2026-09-23 11:18:29.777;9882;103
07-06;Heizkreis 1 (abgeleitet);Min. Fehlerdauer fuer Vorlauf-Störmeldung;0;2;h;abweichend;Master;a705;2026-09-23 11:10:39.756;9249;104
07-06;Heizkreis 2 (abgeleitet);Min. Fehlerdauer fuer Vorlauf-Störmeldung;0;0;h;gleich;Master;a7851000;2026-09-23 11:17:45.197;9859;105
07-08;Heizkreis 1 (abgeleitet);Vorlauf Maximaltemperatur TV;55;55;°C;gleich;Master;0b05;2026-09-23 11:24:07.083;10255;17
07-08;Heizkreis 2 (abgeleitet);Vorlauf Maximaltemperatur TV;45;55;°C;abweichend;Master;0b851000;2026-09-23 11:24:29.874;10290;18
07-14;Heizkreis 1 (abgeleitet);Heizkreisfunktion im Kühlbetrieb;0;3;;abweichend;Master;a706;2026-09-23 11:10:39.319;9248;106
07-14;Heizkreis 2 (abgeleitet);Heizkreisfunktion im Kühlbetrieb;0;3;;abweichend;Master;a7861000;2026-09-23 11:10:40.578;9250;107
07-31;Heizkreis 1 (abgeleitet);Heizkreisüberhöhung Niedertarif;0;0;K;gleich;Master;a707;2026-09-23 11:01:05.970;8728;108
07-31;Heizkreis 2 (abgeleitet);Heizkreisüberhöhung Niedertarif;0;0;K;gleich;Master;a7871000;2026-09-23 11:10:12.749;9222;109
09-00;Einstellebene 9, WE Einstellungen Wärmepumpe;Nachlaufzeit Schutzfunktion;1;1;min;gleich;Master;a901;2026-09-23 10:38:57.527;7569;116
09-00;Einstellebene 10, WE Einstellungen Elektro Zusatzheizung;Nachlaufzeit Schutzfunktion;1;1;min;gleich;Master;aa01;2026-09-23 10:44:26.732;7804;156
09-04;Einstellebene 9, WE Einstellungen Wärmepumpe;Vorlaufzeit Quellenpumpe;0,5;0,5;min;gleich;Master;a902;2026-09-23 10:39:42.058;7620;117
09-04;Einstellebene 10, WE Einstellungen Elektro Zusatzheizung;Einschaltverzögerung;0,5;0,5;min;gleich;Master;aa02;2026-09-23 10:44:30.967;7806;157
09-07;Einstellebene 9, WE Einstellungen Wärmepumpe;WEZ Typ;5;6;;abweichend;Master;a903;2026-09-23 10:40:27.284;7641;118
09-07;Einstellebene 10, WE Einstellungen Elektro Zusatzheizung;WEZ Typ;1;1;;gleich;Master;aa03;2026-09-23 10:44:34.670;7809;158
09-11;Einstellebene 9, WE Einstellungen Wärmepumpe;Bedingte WEZ Freigabe;0;0;;gleich;Master;a904;2026-09-23 10:39:40.777;7618;119
09-11;Einstellebene 10, WE Einstellungen Elektro Zusatzheizung;Bedingte WEZ Freigabe;10;10;;gleich;Master;aa04;2026-09-23 10:44:38.412;7811;159
09-12;Einstellebene 9, WE Einstellungen Wärmepumpe;Aussentemperatursperre TAW;-50;-50;°C;gleich;Master;a905;2026-09-23 10:40:27.730;7642;120
09-12;Einstellebene 10, WE Einstellungen Elektro Zusatzheizung;Aussentemperatursperre TAW;-5;-5;°C;gleich;Master;aa05;2026-09-23 10:44:41.846;7813;160
09-13;Einstellebene 9, WE Einstellungen Wärmepumpe;Energiezwang Funktion;2;2;;gleich;Master;a906;2026-09-23 10:40:32.887;7649;121
09-13;Einstellebene 10, WE Einstellungen Elektro Zusatzheizung;Energiezwang Funktion;2;2;;gleich;Master;aa06;2026-09-23 10:44:44.998;7816;161
09-14;Einstellebene 9, WE Einstellungen Wärmepumpe;Diff. Leistungszwang Tkmax;0;0;K;gleich;Master;a907;2026-09-23 10:40:40.356;7661;122
09-14;Einstellebene 10, WE Einstellungen Elektro Zusatzheizung;Diff. Leistungszwang Tkmax;0;0;K;gleich;Master;aa07;2026-09-23 10:44:51.529;7818;162
09-21;Einstellebene 9, WE Einstellungen Wärmepumpe;WE Abschaltdifferenz;5;3;K;abweichend;Master;a908;2026-09-23 10:40:43.909;7665;123
09-21;Einstellebene 10, WE Einstellungen Elektro Zusatzheizung;WE Abschaltdifferenz;3;3;K;gleich;Master;aa08;2026-09-23 10:44:52.405;7819;163
09-23;Einstellebene 9, WE Einstellungen Wärmepumpe;Minimale Stillstandszeit;12;12;min;gleich;Master;a909;2026-09-23 10:42:02.403;7710;124
09-23;Einstellebene 10, WE Einstellungen Elektro Zusatzheizung;Minimale Stillstandszeit;60;60;min;gleich;Master;aa09;2026-09-23 10:44:53.123;7821;164
09-26;Einstellebene 9, WE Einstellungen Wärmepumpe;Vorhaltezeit 2. Stufe;10;10;s;gleich;Master;a90a;2026-09-23 10:42:06.560;7716;125
09-26;Einstellebene 10, WE Einstellungen Elektro Zusatzheizung;Vorhaltezeit 2. Stufe;0;0;s;gleich;Master;aa0a;2026-09-23 10:44:54.019;7824;165
09-31;Einstellebene 9, WE Einstellungen Wärmepumpe;Minimale WE Laufzeit;9;9;min;gleich;Master;a90b;2026-09-23 10:41:08.763;7687;126
09-31;Einstellebene 10, WE Einstellungen Elektro Zusatzheizung;Minimale WE Laufzeit;0;0;min;gleich;Master;aa0b;2026-09-23 10:45:00.983;7833;166
09-34;Einstellebene 9, WE Einstellungen Wärmepumpe;Einschaltverzögerung 2. Stufe;9;9;min;gleich;Master;a90c;2026-09-23 10:42:41.435;7744;128
09-34;Einstellebene 10, WE Einstellungen Elektro Zusatzheizung;Einschaltverzögerung 2. Stufe;0;0;min;gleich;Master;aa0c;2026-09-23 10:45:01.530;7834;167
09-35;Einstellebene 9, WE Einstellungen Wärmepumpe;Schaltdifferenz 2. Stufe;-3;-3;K;gleich;Master;a90d;2026-09-23 10:42:57.044;7751;129
09-35;Einstellebene 10, WE Einstellungen Elektro Zusatzheizung;Schaltdifferenz 2. Stufe;0;0;K;gleich;Master;aa0d;2026-09-23 10:45:02.076;7835;168
10-31;Einstellebene 9, WE Einstellungen Wärmepumpe;WE Maximaltemperatur;70;60;°C;abweichend;Master;a90e;2026-09-23 10:42:41.841;7745;130
10-31;Einstellebene 10, WE Einstellungen Elektro Zusatzheizung;WE Maximaltemperatur;70;68;°C;abweichend;Master;aa0e;2026-09-23 10:45:02.576;7836;169
11-01;Einstellebene 11, WE 1 Kaskadenfunktionen;WE Steuerbefehl;2;2;;gleich;Master;ab03;2026-09-23 10:45:52.135;7881;171
11-02;Einstellebene 11, WE 1 Kaskadenfunktionen;WE Nennleistung;100;100;kW;gleich;Master;ab04;2026-09-23 10:46:01.588;7886;172
11-03;Einstellebene 11, WE 1 Kaskadenfunktionen;minimale WE-Leistung;70;70;%;gleich;Master;ab05;2026-09-23 10:46:41.463;7907;173
11-04;Einstellebene 11, WE 1 Kaskadenfunktionen;Einschaltleistung Folge WE;80;80;%;gleich;Master;ab06;2026-09-23 10:46:14.088;7892;174
11-05;Einstellebene 11, WE 1 Kaskadenfunktionen;WE Folgewechsel;0;0;;gleich;Master;ab07;2026-09-23 10:46:41.901;7908;175
15-10;Einstellebene 9, WE Einstellungen Wärmepumpe;Heissgas Maximaltemperatur;125;130;°C;abweichend;Master;a90f;2026-09-23 10:42:57.497;7752;131
15-11;Einstellebene 9, WE Einstellungen Wärmepumpe;TWVmax Abschalthysterese;7;7;K;gleich;Master;a910;2026-09-23 10:43:32.206;7766;132
15-23;Einstellebene 5, Brauchwasserbereitung;Frostschutztemperatur TVD;4;4;°C;gleich;Master;a50a;2026-09-23 10:59:01.954;8593;82
